Row,Predicted
t1,positive
t9,neutral
t17,neutral
t3,neutral
t5,neutral
t6,neutral
t2,positive
t13,neutral
t4,negative
t0,neutral
t11,neutral
t14,neutral
t10,neutral
t7,neutral
t12,neutral
t8,neutral
t15,neutral
t21,neutral
t22,neutral
t20,neutral
t19,neutral
t18,neutral
t16,neutral
t26,neutral
t23,neutral
t24,neutral
t34,neutral
t25,neutral
t31,neutral
t28,neutral
t36,neutral
t27,neutral
t30,neutral
t33,neutral
t35,negative
t42,neutral
t39,neutral
t29,neutral
t32,positive
t44,neutral
t37,positive
t52,positive
t38,neutral
t50,neutral
t60,neutral
t45,neutral
t68,neutral
t76,neutral
t41,neutral
t40,neutral
t46,neutral
t47,neutral
t53,neutral
t48,neutral
t43,neutral
t49,neutral
t54,neutral
t57,neutral
t55,positive
t58,negative
t62,neutral
t65,neutral
t51,neutral
t73,neutral
t63,neutral
t61,neutral
t56,neutral
t66,neutral
t69,neutral
t70,neutral
t71,neutral
t78,neutral
t74,neutral
t59,neutral
t79,neutral
t64,neutral
t77,negative
t67,neutral
t75,neutral
t72,neutral
t80,neutral
t81,neutral
t82,neutral
t83,neutral
t84,neutral
t85,neutral
t86,neutral
t87,neutral
t88,neutral
t89,neutral
t90,neutral
t91,neutral
t92,neutral
t93,neutral
t94,neutral
t95,neutral
t96,neutral
t97,neutral
t98,neutral
t99,neutral
t100,neutral
t101,neutral
t102,neutral
t103,neutral
t104,neutral
t105,neutral
t106,neutral
t107,neutral
t108,neutral
t109,positive
t110,neutral
t111,negative
t112,positive
t113,neutral
t114,neutral
t115,negative
t116,neutral
t117,neutral
t118,neutral
t119,neutral
t120,neutral
t121,positive
t122,negative
t123,neutral
t124,positive
t125,negative
t126,neutral
t127,neutral
t128,positive
t129,neutral
t130,neutral
t131,neutral
t132,neutral
t133,neutral
t134,neutral
t135,neutral
t136,neutral
t137,neutral
t138,neutral
t139,neutral
t140,neutral
t141,neutral
t142,neutral
t143,neutral
t144,neutral
t145,neutral
t146,neutral
t147,neutral
t148,neutral
t149,neutral
t150,neutral
t151,neutral
t152,neutral
t153,neutral
t154,neutral
t155,neutral
t156,neutral
t157,neutral
t158,neutral
t159,neutral
t160,neutral
t161,neutral
t162,neutral
t163,neutral
t164,neutral
t165,neutral
t166,neutral
t167,neutral
t168,neutral
t169,neutral
t170,neutral
t171,neutral
t172,neutral
t173,neutral
t174,neutral
t175,neutral
t176,neutral
t177,neutral
t178,neutral
t179,neutral
t180,neutral
t181,neutral
t182,neutral
t183,neutral
t184,neutral
t185,neutral
t186,neutral
t187,neutral
t188,neutral
t189,neutral
t190,neutral
t191,neutral
t192,neutral
t193,neutral
t194,neutral
t195,neutral
t196,neutral
t197,neutral
t198,neutral
t199,neutral
t200,neutral
t201,neutral
t202,neutral
t203,neutral
t204,neutral
t205,neutral
t206,neutral
t207,neutral
t208,neutral
t210,neutral
t209,neutral
t211,neutral
t212,neutral
t213,neutral
t214,neutral
t215,neutral
t216,neutral
t217,neutral
t218,neutral
t219,neutral
t220,neutral
t221,neutral
t222,neutral
t223,neutral
t224,neutral
t225,neutral
t226,neutral
t227,neutral
t228,neutral
t229,neutral
t230,neutral
t231,neutral
t232,neutral
t233,neutral
t234,neutral
t235,neutral
t236,neutral
t237,neutral
t238,neutral
t239,neutral
t240,neutral
t241,neutral
t242,neutral
t243,neutral
t244,neutral
t245,neutral
t246,neutral
t247,neutral
t248,neutral
t249,neutral
t250,neutral
t251,neutral
t252,neutral
t253,neutral
t254,neutral
t255,neutral
t256,neutral
t257,neutral
t258,neutral
t259,neutral
t260,neutral
t261,neutral
t262,neutral
t263,neutral
t264,neutral
t265,neutral
t266,neutral
t267,neutral
t268,neutral
t269,neutral
t270,neutral
t271,neutral
t272,neutral
t273,neutral
t274,neutral
t275,neutral
t276,neutral
t277,negative
t278,neutral
t279,neutral
t280,neutral
t281,neutral
t282,neutral
t283,neutral
t284,neutral
t285,neutral
t286,neutral
t287,neutral
t288,neutral
t289,neutral
t290,neutral
t291,neutral
t292,neutral
t293,neutral
t294,neutral
t295,neutral
t296,neutral
t297,neutral
t298,neutral
t299,neutral
t300,neutral
t301,neutral
t302,neutral
t303,neutral
t304,neutral
t305,neutral
t306,neutral
t307,neutral
t308,neutral
t309,neutral
t310,neutral
t311,neutral
t312,neutral
t313,neutral
t314,neutral
t315,neutral
t316,neutral
t317,neutral
t318,neutral
t319,neutral
t320,neutral
t321,neutral
t322,neutral
t323,neutral
t324,neutral
t325,neutral
t326,neutral
t327,neutral
t328,neutral
t329,neutral
t330,neutral
t331,neutral
t332,neutral
t333,neutral
t334,neutral
t335,neutral
t336,neutral
t337,neutral
t338,neutral
t339,neutral
t340,neutral
t341,neutral
t342,neutral
t343,neutral
t344,neutral
t345,neutral
t346,neutral
t347,neutral
t348,neutral
t349,neutral
t350,neutral
t351,neutral
t352,neutral
t353,neutral
t354,neutral
t355,neutral
t356,neutral
t357,neutral
t358,neutral
t359,neutral
t360,neutral
t361,positive
t362,neutral
t363,neutral
t364,neutral
t365,neutral
t366,neutral
t367,neutral
t368,neutral
t369,neutral
t370,neutral
t371,neutral
t372,neutral
t373,neutral
t374,neutral
t375,neutral
t376,neutral
t377,neutral
t378,neutral
t379,neutral
t380,neutral
t381,neutral
t382,neutral
t383,neutral
t384,neutral
t385,neutral
t386,neutral
t387,neutral
t388,neutral
t389,neutral
t390,neutral
t391,neutral
t392,neutral
t393,neutral
t394,neutral
t395,neutral
t396,neutral
t397,neutral
t398,neutral
t399,neutral
t400,neutral
t401,neutral
t402,neutral
t403,neutral
t404,neutral
t405,neutral
t406,neutral
t407,neutral
t408,neutral
t409,neutral
t410,neutral
t411,neutral
t412,positive
t413,neutral
t414,neutral
t415,neutral
t416,positive
t417,neutral
t418,positive
t419,neutral
t420,neutral
t421,neutral
t422,neutral
t423,neutral
t424,neutral
t425,neutral
t426,neutral
t427,neutral
t428,neutral
t429,neutral
t430,neutral
t431,neutral
t432,neutral
t433,neutral
t434,neutral
t435,neutral
t436,neutral
t437,neutral
t438,neutral
t439,neutral
t440,neutral
t441,neutral
t442,neutral
t443,neutral
t444,neutral
t445,neutral
t446,neutral
t447,neutral
t448,positive
t449,neutral
t450,neutral
t451,neutral
t452,neutral
t453,neutral
t454,neutral
t455,neutral
t456,neutral
t457,neutral
t458,neutral
t459,neutral
t460,neutral
t461,neutral
t462,neutral
t463,neutral
t464,neutral
t465,neutral
t466,neutral
t467,neutral
t468,neutral
t469,neutral
t470,neutral
t471,neutral
t472,neutral
t473,neutral
t474,neutral
t475,neutral
t476,neutral
t477,neutral
t478,neutral
t479,neutral
t480,neutral
t481,neutral
t482,neutral
t483,neutral
t484,neutral
t485,neutral
t486,neutral
t487,neutral
t488,neutral
t489,neutral
t490,neutral
t491,neutral
t492,neutral
t493,neutral
t494,neutral
t495,neutral
t496,neutral
t497,neutral
t498,neutral
t499,neutral
t500,neutral
t501,neutral
t502,neutral
t503,neutral
t504,neutral
t505,neutral
t506,neutral
t507,neutral
t508,neutral
t509,neutral
t510,neutral
t511,neutral
t512,neutral
t513,neutral
t514,neutral
t515,neutral
t516,neutral
t517,positive
t518,neutral
t519,positive
t520,positive
t521,neutral
t522,neutral
t523,neutral
t524,neutral
t525,neutral
t526,neutral
t527,neutral
t528,neutral
t529,neutral
t530,neutral
t531,neutral
t532,neutral
t533,neutral
t534,neutral
t535,neutral
t536,neutral
t537,neutral
t538,neutral
t539,neutral
t540,neutral
t541,neutral
t542,neutral
t543,neutral
t544,neutral
t545,neutral
t546,neutral
t547,neutral
t548,neutral
t549,neutral
t550,neutral
t551,neutral
t552,neutral
t553,neutral
t554,neutral
t555,neutral
t556,positive
t557,neutral
t558,neutral
t559,neutral
t560,neutral
t561,neutral
t562,neutral
t563,neutral
t564,neutral
t565,positive
t566,neutral
t567,neutral
t568,neutral
t569,neutral
t570,neutral
t571,neutral
t572,neutral
t573,neutral
t574,neutral
t575,neutral
t576,neutral
t577,neutral
t578,neutral
t579,neutral
t580,neutral
t581,neutral
t582,neutral
t583,neutral
t584,neutral
t585,neutral
t586,neutral
t587,neutral
t588,neutral
t589,neutral
t590,neutral
t591,neutral
t592,neutral
t593,neutral
t594,neutral
t595,neutral
t596,neutral
t597,positive
t598,neutral
t599,positive
t600,neutral
t601,neutral
t602,positive
t603,neutral
t604,neutral
t605,positive
t606,neutral
t607,neutral
t608,neutral
t609,neutral
t610,neutral
t611,neutral
t612,neutral
t613,neutral
t614,neutral
t615,neutral
t616,neutral
t617,neutral
t618,neutral
t619,neutral
t620,neutral
t621,neutral
t622,neutral
t623,neutral
t624,neutral
t627,neutral
t626,neutral
t625,neutral
t628,neutral
t629,neutral
t630,neutral
t631,neutral
t632,neutral
t633,neutral
t634,neutral
t635,neutral
t636,neutral
t637,neutral
t638,neutral
t639,neutral
t640,neutral
t641,neutral
t642,neutral
t643,neutral
t644,neutral
t645,neutral
t646,neutral
t647,neutral
t648,neutral
t649,neutral
t650,neutral
t651,neutral
t652,neutral
t653,neutral
t654,neutral
t655,neutral
t656,neutral
t657,neutral
t658,neutral
t659,neutral
t660,neutral
t661,neutral
t662,neutral
t663,neutral
t664,neutral
t665,neutral
t666,neutral
t667,neutral
t668,neutral
t669,neutral
t670,neutral
t671,neutral
t672,neutral
t673,neutral
t674,neutral
t675,neutral
t676,neutral
t677,neutral
t678,neutral
t679,neutral
t680,neutral
t681,neutral
t682,neutral
t683,neutral
t684,neutral
t685,neutral
t686,neutral
t687,neutral
t688,neutral
t689,neutral
t690,neutral
t691,neutral
t692,neutral
t693,neutral
t694,neutral
t695,neutral
t696,positive
t697,neutral
t698,positive
t699,neutral
t700,neutral
t701,neutral
t702,neutral
t703,neutral
t704,neutral
t705,positive
t706,neutral
t707,neutral
t708,neutral
t709,neutral
t710,neutral
t711,neutral
t712,neutral
t713,neutral
t714,neutral
t715,neutral
t717,neutral
t716,neutral
t718,neutral
t719,neutral
t720,neutral
t721,neutral
t722,neutral
t723,neutral
t724,neutral
t725,neutral
t726,neutral
t727,neutral
t728,neutral
t729,neutral
t730,neutral
t731,neutral
t732,neutral
t733,neutral
t734,neutral
t735,neutral
t736,neutral
t737,neutral
t738,neutral
t739,neutral
t740,neutral
t741,neutral
t742,neutral
t743,neutral
t744,neutral
t745,neutral
t746,neutral
t747,neutral
t748,neutral
t749,neutral
t750,neutral
t751,neutral
t752,neutral
t753,neutral
t754,neutral
t755,neutral
t756,neutral
t757,neutral
t758,neutral
t759,neutral
t760,neutral
t761,neutral
t762,neutral
t763,neutral
t764,neutral
t765,neutral
t766,neutral
t767,neutral
t768,neutral
t769,neutral
t770,neutral
t771,neutral
t772,neutral
t774,neutral
t773,neutral
t775,neutral
t776,neutral
t777,neutral
t778,neutral
t779,neutral
t780,neutral
t781,neutral
t782,neutral
t783,neutral
t784,neutral
t785,neutral
t786,neutral
t787,neutral
t788,positive
t789,neutral
t790,neutral
t791,negative
t792,positive
t793,neutral
t794,neutral
t795,neutral
t796,negative
t797,neutral
t798,neutral
t799,neutral
t800,positive
t801,neutral
t802,neutral
t803,neutral
t804,neutral
t805,neutral
t806,neutral
t807,positive
t808,neutral
t809,neutral
t810,neutral
t811,neutral
t812,neutral
t813,neutral
t814,neutral
t815,neutral
t816,neutral
t817,neutral
t818,neutral
t819,neutral
t820,neutral
t821,neutral
t822,neutral
t823,neutral
t824,negative
t825,neutral
t826,neutral
t827,neutral
t828,neutral
t829,neutral
t830,neutral
t831,neutral
t832,neutral
t833,neutral
t834,positive
t835,neutral
t836,neutral
t837,neutral
t838,neutral
t839,neutral
t840,neutral
t841,neutral
t842,neutral
t843,neutral
t844,neutral
t845,neutral
t846,neutral
t847,neutral
t848,neutral
t849,neutral
t850,neutral
t851,neutral
t852,neutral
t853,neutral
t854,neutral
t855,neutral
t856,neutral
t857,neutral
t858,neutral
t859,neutral
t860,neutral
t861,neutral
t862,neutral
t863,neutral
t864,neutral
t865,neutral
t866,neutral
t867,neutral
t868,neutral
t869,neutral
t870,neutral
t871,neutral
t872,neutral
t873,neutral
t874,neutral
t875,neutral
t876,neutral
t877,neutral
t878,neutral
t879,neutral
t880,neutral
t881,neutral
t882,neutral
t883,neutral
t884,neutral
t885,neutral
t886,neutral
t887,neutral
t888,neutral
t889,positive
t890,neutral
t891,neutral
t892,neutral
t893,neutral
t894,neutral
t895,neutral
t896,neutral
t897,neutral
t898,neutral
t899,neutral
t900,neutral
t901,neutral
t902,neutral
t903,neutral
t904,neutral
t905,neutral
t906,neutral
t907,neutral
t908,neutral
t909,neutral
t910,neutral
t911,neutral
t912,neutral
t913,neutral
t914,neutral
t915,neutral
t916,neutral
t917,neutral
t918,neutral
t919,neutral
t920,neutral
t921,neutral
t922,neutral
t923,neutral
t924,neutral
t925,neutral
t926,neutral
t927,neutral
t928,neutral
t929,neutral
t930,neutral
t931,neutral
t932,neutral
t933,neutral
t934,neutral
t935,neutral
t936,neutral
t937,neutral
t938,neutral
t939,neutral
t940,neutral
t941,neutral
t942,neutral
t943,positive
t944,neutral
t945,positive
t946,neutral
t947,neutral
t948,neutral
t949,neutral
t950,neutral
t951,positive
t952,neutral
t953,neutral
t954,neutral
t955,neutral
t956,neutral
t957,neutral
t958,neutral
t959,neutral
t960,neutral
t961,neutral
t962,neutral
t963,neutral
t964,neutral
t965,neutral
t966,neutral
t967,neutral
t968,neutral
t969,positive
t970,neutral
t971,positive
t972,negative
t973,neutral
t974,neutral
t975,neutral
t976,neutral
t977,neutral
t978,neutral
t979,positive
t980,neutral
t981,neutral
t982,neutral
t983,neutral
t984,neutral
t985,negative
t986,neutral
t987,neutral
t988,neutral
t989,neutral
t990,neutral
t991,neutral
t992,neutral
t993,neutral
t994,neutral
t995,neutral
t996,neutral
t997,neutral
t998,neutral
t999,neutral
t1000,neutral
t1001,neutral
t1002,neutral
t1003,neutral
t1004,neutral
t1005,neutral
t1006,neutral
t1007,neutral
t1008,neutral
t1009,neutral
t1010,neutral
t1011,positive
t1012,neutral
t1013,neutral
t1014,positive
t1015,neutral
t1016,neutral
t1017,neutral
t1018,neutral
t1019,neutral
t1020,neutral
t1021,neutral
t1022,neutral
t1023,neutral
t1024,neutral
t1025,neutral
t1026,neutral
t1027,neutral
t1028,neutral
t1029,neutral
t1030,neutral
t1031,neutral
t1032,neutral
t1033,neutral
t1034,neutral
t1035,neutral
t1036,neutral
t1037,neutral
t1038,neutral
t1039,neutral
t1040,neutral
t1041,neutral
t1042,neutral
t1043,neutral
t1044,neutral
t1045,neutral
t1046,neutral
t1047,neutral
t1048,positive
t1049,neutral
t1050,neutral
t1051,neutral
t1052,neutral
t1053,neutral
t1054,neutral
t1055,neutral
t1056,neutral
t1057,neutral
t1058,neutral
t1059,neutral
t1060,neutral
t1061,neutral
t1062,neutral
t1063,neutral
t1064,neutral
t1065,neutral
t1066,neutral
t1067,neutral
t1068,neutral
t1069,neutral
t1070,neutral
t1071,positive
t1072,neutral
t1073,neutral
t1074,neutral
t1075,neutral
t1076,neutral
t1077,neutral
t1078,neutral
t1079,neutral
t1080,neutral
t1081,neutral
t1082,neutral
t1083,neutral
t1084,neutral
t1085,neutral
t1086,neutral
t1087,neutral
t1088,neutral
t1089,neutral
t1090,neutral
t1091,neutral
t1092,neutral
t1093,neutral
t1094,neutral
t1095,neutral
t1096,neutral
t1097,neutral
t1098,neutral
t1099,neutral
t1100,neutral
t1101,neutral
t1102,neutral
t1103,neutral
t1104,neutral
t1105,neutral
t1106,neutral
t1107,neutral
t1108,neutral
t1109,neutral
t1110,neutral
t1111,neutral
t1112,neutral
t1113,neutral
t1114,neutral
t1115,neutral
t1116,neutral
t1117,neutral
t1118,neutral
t1119,neutral
t1120,neutral
t1121,neutral
t1122,neutral
t1123,neutral
t1124,neutral
t1125,neutral
t1126,neutral
t1127,neutral
t1128,neutral
t1129,neutral
t1130,neutral
t1131,neutral
t1132,neutral
t1133,neutral
t1134,neutral
t1135,neutral
t1136,neutral
t1137,neutral
t1138,neutral
t1139,neutral
t1140,neutral
t1141,neutral
t1142,neutral
t1143,neutral
t1144,neutral
t1145,neutral
t1146,neutral
t1147,neutral
t1148,neutral
t1149,neutral
t1150,neutral
t1151,neutral
t1152,neutral
t1153,neutral
t1154,neutral
t1155,neutral
t1156,neutral
t1157,neutral
t1158,neutral
t1159,neutral
t1160,neutral
t1161,neutral
t1162,neutral
t1163,neutral
t1164,neutral
t1165,neutral
t1166,neutral
t1167,neutral
t1168,neutral
t1169,neutral
t1170,neutral
t1171,neutral
t1172,neutral
t1173,neutral
t1174,neutral
t1175,neutral
t1176,neutral
t1177,neutral
t1178,neutral
t1179,neutral
t1180,neutral
t1181,neutral
t1182,neutral
t1183,neutral
t1184,neutral
t1185,neutral
t1186,neutral
t1187,negative
t1188,neutral
t1189,positive
t1190,negative
t1191,neutral
t1192,neutral
t1193,neutral
t1194,neutral
t1195,neutral
t1196,neutral
t1197,neutral
t1198,neutral
t1199,neutral
t1200,neutral
t1201,neutral
t1202,neutral
t1203,neutral
t1204,neutral
t1205,neutral
t1206,neutral
t1207,neutral
t1208,neutral
t1209,positive
t1210,neutral
t1211,neutral
t1212,neutral
t1213,positive
t1214,positive
t1215,neutral
t1216,neutral
t1217,neutral
t1218,neutral
t1219,neutral
t1220,neutral
t1221,neutral
t1222,neutral
t1223,neutral
t1224,neutral
t1225,neutral
t1226,neutral
t1227,neutral
t1228,neutral
t1229,neutral
t1230,neutral
t1231,neutral
t1232,positive
t1233,neutral
t1234,neutral
t1235,neutral
t1236,neutral
t1237,neutral
t1238,neutral
t1239,neutral
t1240,neutral
t1241,neutral
t1242,neutral
t1243,neutral
t1244,neutral
t1245,neutral
t1246,neutral
t1247,neutral
t1248,neutral
t1249,neutral
t1250,neutral
t1251,neutral
t1252,neutral
t1253,neutral
t1254,neutral
t1255,neutral
t1256,neutral
t1257,neutral
t1258,neutral
t1259,neutral
t1260,neutral
t1261,neutral
t1262,neutral
t1263,neutral
t1264,neutral
t1265,neutral
t1266,neutral
t1267,neutral
t1268,neutral
t1269,neutral
t1270,neutral
t1271,neutral
t1272,neutral
t1273,neutral
t1274,neutral
t1275,neutral
t1276,neutral
t1277,neutral
t1278,neutral
t1279,neutral
t1280,neutral
t1281,neutral
t1282,neutral
t1283,neutral
t1284,neutral
t1285,neutral
t1286,neutral
t1287,neutral
t1288,neutral
t1289,neutral
t1290,neutral
t1291,neutral
t1292,neutral
t1293,neutral
t1294,neutral
t1295,neutral
t1296,neutral
t1297,neutral
t1298,neutral
t1299,neutral
t1300,neutral
t1301,neutral
t1302,neutral
t1303,neutral
t1304,neutral
t1305,neutral
t1306,neutral
t1307,neutral
t1308,positive
t1309,neutral
t1310,neutral
t1311,neutral
t1312,neutral
t1313,neutral
t1314,neutral
t1315,neutral
t1316,neutral
t1317,neutral
t1318,neutral
t1319,neutral
t1320,neutral
t1321,neutral
t1322,neutral
t1323,neutral
t1324,neutral
t1325,neutral
t1326,neutral
t1327,neutral
t1328,neutral
t1329,neutral
t1330,neutral
t1331,neutral
t1332,neutral
t1333,positive
t1334,negative
t1335,neutral
t1336,negative
t1337,neutral
t1338,neutral
t1339,neutral
t1340,neutral
t1341,positive
t1342,neutral
t1343,neutral
t1344,positive
t1345,neutral
t1346,neutral
t1347,neutral
t1348,neutral
t1349,neutral
t1350,neutral
t1351,neutral
t1352,neutral
t1353,neutral
t1354,neutral
t1355,neutral
t1356,neutral
t1357,neutral
t1358,neutral
t1359,neutral
t1360,neutral
t1361,neutral
t1362,neutral
t1363,neutral
t1364,neutral
t1365,neutral
t1366,neutral
t1367,neutral
t1368,neutral
t1369,neutral
t1370,neutral
t1371,neutral
t1372,neutral
t1373,neutral
t1374,neutral
t1375,neutral
t1376,neutral
t1377,neutral
t1378,neutral
t1379,neutral
t1380,neutral
t1381,neutral
t1382,neutral
t1383,neutral
t1384,neutral
t1385,neutral
t1386,neutral
t1387,neutral
t1388,neutral
t1389,neutral
t1390,neutral
t1391,neutral
t1392,positive
t1393,neutral
t1394,neutral
t1395,neutral
t1396,neutral
t1397,neutral
t1398,neutral
t1399,neutral
t1400,neutral
t1401,neutral
t1402,neutral
t1403,neutral
t1404,neutral
t1405,neutral
t1406,neutral
t1407,neutral
t1408,neutral
t1409,neutral
t1410,neutral
t1411,neutral
t1412,neutral
t1413,positive
t1414,neutral
t1415,neutral
t1416,neutral
t1417,neutral
t1418,neutral
t1419,neutral
t1420,neutral
t1421,neutral
t1422,neutral
t1423,neutral
t1424,neutral
t1425,neutral
t1426,neutral
t1427,neutral
t1428,neutral
t1429,neutral
t1430,neutral
t1431,neutral
t1432,neutral
t1433,neutral
t1434,neutral
t1435,neutral
t1436,neutral
t1437,neutral
t1438,positive
t1439,positive
t1440,neutral
t1441,neutral
t1442,neutral
t1443,neutral
t1444,neutral
t1445,neutral
t1446,neutral
t1447,neutral
t1448,neutral
t1449,neutral
t1450,neutral
t1451,neutral
t1452,neutral
t1453,neutral
t1454,neutral
t1455,neutral
t1456,positive
t1457,neutral
t1458,positive
t1459,neutral
t1460,neutral
t1461,neutral
t1462,neutral
t1463,neutral
t1464,neutral
t1465,neutral
t1466,neutral
t1467,neutral
t1468,neutral
t1469,neutral
t1470,neutral
t1471,neutral
t1472,neutral
t1473,neutral
t1474,neutral
t1475,neutral
t1476,neutral
t1477,neutral
t1478,neutral
t1479,neutral
t1480,neutral
t1481,neutral
t1482,neutral
t1483,neutral
t1484,neutral
t1485,neutral
t1486,neutral
t1487,neutral
t1488,neutral
t1489,neutral
t1490,neutral
t1491,neutral
t1492,neutral
t1493,neutral
t1494,neutral
t1495,neutral
t1496,neutral
t1497,neutral
t1498,neutral
t1499,neutral
t1500,neutral
t1501,neutral
t1502,neutral
t1503,neutral
t1504,neutral
t1505,neutral
t1506,neutral
t1507,neutral
t1508,neutral
t1509,neutral
t1510,neutral
t1511,neutral
t1512,neutral
t1513,neutral
t1514,neutral
t1515,neutral
t1516,neutral
t1517,neutral
t1518,neutral
t1519,neutral
t1520,neutral
t1521,neutral
t1522,neutral
t1523,neutral
t1524,neutral
t1525,neutral
t1526,neutral
t1527,neutral
t1528,neutral
t1529,neutral
t1530,neutral
t1531,neutral
t1532,neutral
t1533,neutral
t1534,neutral
t1535,neutral
t1536,neutral
t1537,neutral
t1538,neutral
t1539,neutral
t1540,neutral
t1541,neutral
t1542,neutral
t1543,neutral
t1544,neutral
t1545,neutral
t1546,neutral
t1547,neutral
t1548,neutral
t1549,neutral
t1550,neutral
t1551,neutral
t1552,neutral
t1553,neutral
t1554,neutral
t1555,neutral
t1556,neutral
t1557,neutral
t1558,neutral
t1559,neutral
t1560,neutral
t1561,neutral
t1562,neutral
t1563,neutral
t1564,neutral
t1565,neutral
t1566,neutral
t1567,neutral
t1568,neutral
t1569,neutral
t1570,neutral
t1571,neutral
t1572,neutral
t1573,neutral
t1574,neutral
t1575,neutral
t1576,neutral
t1577,neutral
t1578,neutral
t1579,neutral
t1580,neutral
t1581,neutral
t1582,neutral
t1583,neutral
t1584,neutral
t1585,neutral
t1586,neutral
t1587,neutral
t1588,neutral
t1589,neutral
t1590,neutral
t1591,neutral
t1592,neutral
t1593,neutral
t1594,neutral
t1595,neutral
t1596,neutral
t1597,neutral
t1598,neutral
t1599,neutral
t1600,neutral
t1601,neutral
t1602,neutral
t1603,neutral
t1604,neutral
t1605,neutral
t1606,neutral
t1607,neutral
t1608,neutral
t1609,neutral
t1610,neutral
t1611,neutral
t1612,positive
t1613,neutral
t1614,neutral
t1615,neutral
t1616,positive
t1617,neutral
t1618,neutral
t1619,positive
t1620,neutral
t1621,neutral
t1622,neutral
t1623,neutral
t1624,neutral
t1625,neutral
t1626,neutral
t1627,neutral
t1628,neutral
t1629,neutral
t1630,neutral
t1631,neutral
t1632,neutral
t1633,neutral
t1634,neutral
t1635,neutral
t1636,neutral
t1637,neutral
t1638,neutral
t1639,neutral
t1640,neutral
t1641,neutral
t1642,neutral
t1643,neutral
t1644,neutral
t1645,neutral
t1646,neutral
t1647,neutral
t1648,neutral
t1649,neutral
t1650,neutral
t1651,neutral
t1652,neutral
t1653,neutral
t1654,neutral
t1655,neutral
t1656,neutral
t1657,negative
t1658,positive
t1659,neutral
t1660,neutral
t1661,neutral
t1662,neutral
t1663,neutral
t1664,neutral
t1665,positive
t1666,neutral
t1667,neutral
t1668,neutral
t1669,neutral
t1670,neutral
t1671,neutral
t1672,neutral
t1673,neutral
t1674,neutral
t1675,positive
t1676,positive
t1677,neutral
t1678,neutral
t1679,neutral
t1680,negative
t1681,neutral
t1682,neutral
t1683,positive
t1684,neutral
t1685,neutral
t1686,neutral
t1687,negative
t1688,neutral
t1689,neutral
t1690,neutral
t1691,neutral
t1692,neutral
t1693,neutral
t1694,neutral
t1695,neutral
t1696,neutral
t1697,neutral
t1698,neutral
t1699,neutral
t1700,neutral
t1701,neutral
t1702,neutral
t1703,neutral
t1704,neutral
t1705,neutral
t1706,neutral
t1707,positive
t1708,neutral
t1709,neutral
t1710,neutral
t1711,neutral
t1712,positive
t1713,positive
t1714,neutral
t1715,neutral
t1716,neutral
t1717,neutral
t1718,neutral
t1719,neutral
t1720,neutral
t1721,neutral
t1722,neutral
t1723,neutral
t1724,neutral
t1725,neutral
t1726,negative
t1727,neutral
t1728,neutral
t1729,neutral
t1730,neutral
t1731,positive
t1732,neutral
t1733,neutral
t1734,positive
t1735,neutral
t1736,neutral
t1737,neutral
t1738,neutral
t1739,neutral
t1740,neutral
t1741,neutral
t1742,neutral
t1743,neutral
t1744,neutral
t1745,positive
t1746,neutral
t1747,neutral
t1748,neutral
t1749,neutral
t1750,neutral
t1751,positive
t1752,neutral
t1753,neutral
t1754,neutral
t1755,neutral
t1756,neutral
t1757,neutral
t1758,neutral
t1759,neutral
t1760,neutral
t1761,neutral
t1762,neutral
t1763,neutral
t1764,neutral
t1765,neutral
t1766,neutral
t1767,neutral
t1768,neutral
t1769,neutral
t1770,neutral
t1771,neutral
t1772,neutral
t1773,neutral
t1774,neutral
t1775,neutral
t1776,neutral
t1777,neutral
t1778,neutral
t1779,neutral
t1780,neutral
t1781,neutral
t1782,neutral
t1783,neutral
t1784,neutral
t1785,neutral
t1786,neutral
t1787,neutral
t1788,neutral
t1789,neutral
t1790,neutral
t1791,neutral
t1792,neutral
t1793,neutral
t1794,neutral
t1795,neutral
t1796,positive
t1797,positive
t1798,neutral
t1799,positive
t1800,neutral
t1801,neutral
t1802,neutral
t1803,positive
t1804,positive
t1805,positive
t1806,negative
t1807,neutral
t1808,neutral
t1809,neutral
t1810,neutral
t1811,neutral
t1812,neutral
t1813,neutral
t1814,neutral
t1815,neutral
t1816,neutral
t1817,neutral
t1818,neutral
t1819,neutral
t1820,neutral
t1821,neutral
t1822,neutral
t1823,neutral
t1824,neutral
t1825,neutral
t1826,neutral
t1827,neutral
t1828,neutral
t1829,neutral
t1830,neutral
t1831,neutral
t1832,neutral
t1833,neutral
t1834,positive
t1835,positive
t1836,neutral
t1837,neutral
t1838,neutral
t1839,neutral
t1840,neutral
t1841,neutral
t1842,neutral
t1843,neutral
t1844,positive
t1845,neutral
t1846,neutral
t1847,neutral
t1848,neutral
t1849,positive
t1850,neutral
t1851,neutral
t1852,neutral
t1853,neutral
t1854,neutral
t1855,neutral
t1856,neutral
t1857,neutral
t1858,neutral
t1859,neutral
t1860,neutral
t1861,neutral
t1862,neutral
t1863,neutral
t1864,neutral
t1865,neutral
t1866,positive
t1867,positive
t1868,positive
t1869,neutral
t1870,neutral
t1871,neutral
t1872,neutral
t1873,neutral
t1874,neutral
t1875,neutral
t1876,neutral
t1877,neutral
t1878,neutral
t1879,positive
t1880,neutral
t1881,neutral
t1882,negative
t1883,positive
t1884,neutral
t1885,neutral
t1886,neutral
t1887,neutral
t1888,neutral
t1889,neutral
t1890,neutral
t1891,neutral
t1892,neutral
t1893,neutral
t1894,neutral
t1895,neutral
t1896,neutral
t1897,neutral
t1898,neutral
t1899,neutral
t1900,neutral
t1901,positive
t1902,positive
t1903,neutral
t1904,positive
t1905,positive
t1906,neutral
t1907,neutral
t1908,neutral
t1909,neutral
t1910,neutral
t1911,neutral
t1912,neutral
t1913,neutral
t1914,positive
t1915,neutral
t1916,neutral
t1917,neutral
t1918,neutral
t1919,neutral
t1920,neutral
t1921,neutral
t1922,neutral
t1923,neutral
t1924,neutral
t1925,positive
t1926,neutral
t1927,neutral
t1928,neutral
t1929,neutral
t1930,neutral
t1931,neutral
t1932,neutral
t1933,neutral
t1934,neutral
t1935,neutral
t1936,neutral
t1937,neutral
t1938,neutral
t1939,neutral
t1940,neutral
t1941,neutral
t1942,neutral
t1943,neutral
t1944,neutral
t1945,neutral
t1946,neutral
t1947,neutral
t1948,neutral
t1949,neutral
t1950,neutral
t1951,neutral
t1952,neutral
t1953,neutral
t1954,neutral
t1955,neutral
t1956,neutral
t1957,neutral
t1958,neutral
t1959,neutral
t1960,neutral
t1961,neutral
t1962,neutral
t1963,neutral
t1964,neutral
t1965,neutral
t1966,neutral
t1967,positive
t1968,neutral
t1969,positive
t1970,neutral
t1971,neutral
t1972,neutral
t1973,neutral
t1974,neutral
t1975,neutral
t1976,neutral
t1977,neutral
t1978,neutral
t1979,neutral
t1980,neutral
t1981,neutral
t1982,neutral
t1983,neutral
t1984,neutral
t1985,neutral
t1986,neutral
t1987,neutral
t1988,neutral
t1989,neutral
t1990,neutral
t1991,neutral
t1992,neutral
t1993,neutral
t1994,neutral
t1995,neutral
t1996,neutral
t1997,neutral
t1998,neutral
t1999,neutral
t2000,neutral
t2001,neutral
t2002,neutral
t2003,neutral
t2004,neutral
t2005,neutral
t2006,neutral
t2007,neutral
t2008,neutral
t2009,neutral
t2010,neutral
t2011,neutral
t2012,neutral
t2013,neutral
t2014,neutral
t2015,neutral
t2016,neutral
t2017,neutral
t2018,neutral
t2019,neutral
t2020,neutral
t2021,neutral
t2022,neutral
t2023,neutral
t2024,neutral
t2025,neutral
t2026,neutral
t2027,neutral
t2028,neutral
t2029,neutral
t2030,neutral
t2031,neutral
t2032,neutral
t2033,neutral
t2034,neutral
t2035,neutral
t2036,neutral
t2037,neutral
t2038,neutral
t2039,positive
t2040,neutral
t2041,positive
t2042,neutral
t2043,positive
t2044,positive
t2045,neutral
t2046,positive
t2047,negative
t2048,neutral
t2049,positive
t2050,neutral
t2051,neutral
t2052,neutral
t2053,neutral
t2054,positive
t2055,positive
t2056,neutral
t2057,neutral
t2058,neutral
t2059,neutral
t2060,neutral
t2061,neutral
t2062,positive
t2063,neutral
t2064,neutral
t2065,negative
t2066,neutral
t2067,neutral
t2068,neutral
t2069,neutral
t2070,neutral
t2071,neutral
t2072,neutral
t2073,neutral
t2074,negative
t2075,neutral
t2076,neutral
t2077,neutral
t2078,neutral
t2079,neutral
t2080,neutral
t2081,neutral
t2082,neutral
t2083,neutral
t2084,neutral
t2085,neutral
t2086,neutral
t2087,neutral
t2088,neutral
t2089,neutral
t2090,neutral
t2091,neutral
t2092,neutral
t2093,positive
t2094,neutral
t2095,neutral
t2096,positive
t2097,neutral
t2098,positive
t2099,neutral
t2100,positive
t2101,positive
t2102,neutral
t2103,neutral
t2104,neutral
t2105,neutral
t2106,neutral
t2107,neutral
t2108,neutral
t2109,neutral
t2110,neutral
t2111,neutral
t2112,neutral
t2113,neutral
t2114,neutral
t2115,neutral
t2116,neutral
t2117,neutral
t2118,neutral
t2119,neutral
t2120,neutral
t2121,neutral
t2122,neutral
t2123,neutral
t2124,neutral
t2125,neutral
t2126,positive
t2127,neutral
t2128,neutral
t2129,neutral
t2130,neutral
t2131,neutral
t2132,neutral
t2133,neutral
t2134,neutral
t2135,neutral
t2136,neutral
t2137,neutral
t2138,neutral
t2139,neutral
t2140,neutral
t2141,neutral
t2142,neutral
t2143,neutral
t2144,neutral
t2145,neutral
t2146,neutral
t2147,neutral
t2148,neutral
t2149,neutral
t2150,neutral
t2151,neutral
t2152,neutral
t2153,neutral
t2154,neutral
t2155,neutral
t2156,neutral
t2157,neutral
t2158,neutral
t2159,neutral
t2160,neutral
t2161,neutral
t2162,neutral
t2163,neutral
t2164,neutral
t2165,neutral
t2166,neutral
t2167,neutral
t2168,neutral
t2169,neutral
t2170,positive
t2171,neutral
t2172,neutral
t2173,neutral
t2174,neutral
t2175,neutral
t2176,neutral
t2177,positive
t2178,neutral
t2179,negative
t2180,neutral
t2181,neutral
t2182,neutral
t2183,positive
t2184,neutral
t2185,positive
t2186,negative
t2187,neutral
t2188,neutral
t2189,neutral
t2190,neutral
t2191,neutral
t2192,neutral
t2193,neutral
t2194,neutral
t2195,neutral
t2196,neutral
t2197,neutral
t2198,neutral
t2199,neutral
t2200,neutral
t2201,neutral
t2202,neutral
t2203,neutral
t2204,neutral
t2205,neutral
t2206,neutral
t2207,neutral
t2208,neutral
t2209,positive
t2210,neutral
t2211,neutral
t2212,neutral
t2213,negative
t2214,neutral
t2215,neutral
t2216,neutral
t2217,neutral
t2218,neutral
t2219,neutral
t2220,neutral
t2221,neutral
t2222,neutral
t2223,neutral
t2224,neutral
t2225,neutral
t2226,neutral
t2227,neutral
t2228,neutral
t2229,positive
t2230,neutral
t2231,neutral
t2232,neutral
t2233,neutral
t2234,neutral
t2235,neutral
t2236,neutral
t2237,neutral
t2238,neutral
t2239,neutral
t2240,neutral
t2241,neutral
t2242,neutral
t2243,neutral
t2244,neutral
t2245,neutral
t2246,neutral
t2247,neutral
t2248,neutral
t2249,neutral
t2250,neutral
t2251,neutral
t2252,neutral
t2253,neutral
t2254,neutral
t2255,neutral
t2256,neutral
t2257,neutral
t2258,neutral
t2259,neutral
t2260,neutral
t2261,neutral
t2262,neutral
t2263,neutral
t2264,neutral
t2265,neutral
t2266,neutral
t2267,neutral
t2268,neutral
t2269,neutral
t2270,neutral
t2271,neutral
t2272,neutral
t2273,neutral
t2274,neutral
t2275,neutral
t2276,neutral
t2277,neutral
t2278,neutral
t2279,neutral
t2280,neutral
t2281,neutral
t2282,neutral
t2283,neutral
t2284,positive
t2285,neutral
t2286,neutral
t2287,neutral
t2288,positive
t2289,neutral
t2290,neutral
t2291,neutral
t2292,neutral
t2293,neutral
t2294,positive
t2295,neutral
t2296,neutral
t2297,neutral
t2298,neutral
t2299,neutral
t2300,neutral
t2301,neutral
t2302,neutral
t2304,neutral
t2303,neutral
t2305,neutral
t2306,neutral
t2307,neutral
t2308,neutral
t2309,neutral
t2310,neutral
t2311,neutral
t2312,neutral
t2313,neutral
t2314,neutral
t2315,neutral
t2316,neutral
t2317,neutral
t2318,neutral
t2319,neutral
t2320,neutral
t2321,neutral
t2322,neutral
t2323,neutral
t2324,neutral
t2325,neutral
t2326,neutral
t2327,neutral
t2328,neutral
t2329,neutral
t2330,neutral
t2331,neutral
t2332,neutral
t2333,neutral
t2334,neutral
t2335,neutral
t2336,neutral
t2337,neutral
t2338,neutral
t2339,neutral
t2340,neutral
t2341,neutral
t2342,neutral
t2343,neutral
t2344,neutral
t2345,neutral
t2346,neutral
t2347,neutral
t2348,neutral
t2349,neutral
t2350,neutral
t2351,neutral
t2352,neutral
t2353,neutral
t2354,neutral
t2355,neutral
t2356,neutral
t2357,neutral
t2358,neutral
t2359,positive
t2360,neutral
t2361,neutral
t2362,neutral
t2363,positive
t2364,neutral
t2365,positive
t2366,positive
t2367,neutral
t2368,positive
t2369,neutral
t2370,neutral
t2371,neutral
t2372,neutral
t2373,negative
t2374,neutral
t2375,neutral
t2376,neutral
t2377,neutral
t2378,neutral
t2379,neutral
t2380,neutral
t2381,neutral
t2382,neutral
t2383,neutral
t2384,neutral
t2385,neutral
t2386,neutral
t2387,neutral
t2388,neutral
t2389,neutral
t2390,neutral
t2391,neutral
t2392,neutral
t2393,neutral
t2394,positive
t2395,positive
t2396,neutral
t2397,positive
t2398,neutral
t2399,negative
t2400,neutral
t2401,negative
t2402,neutral
t2403,neutral
t2404,neutral
t2405,neutral
t2406,neutral
t2407,neutral
t2408,neutral
t2409,neutral
t2410,neutral
t2411,neutral
t2412,neutral
t2413,neutral
t2414,neutral
t2415,neutral
t2416,neutral
t2417,neutral
t2418,neutral
t2419,neutral
t2420,neutral
t2421,neutral
t2422,neutral
t2423,neutral
t2424,neutral
t2425,neutral
t2426,neutral
t2427,neutral
t2428,neutral
t2429,neutral
t2430,neutral
t2431,neutral
t2432,neutral
t2433,neutral
t2434,neutral
t2435,neutral
t2436,neutral
t2437,neutral
t2438,neutral
t2439,neutral
t2440,neutral
t2441,neutral
t2442,neutral
t2443,neutral
t2444,neutral
t2445,neutral
t2446,neutral
t2447,neutral
t2448,neutral
t2449,neutral
t2450,neutral
t2451,neutral
t2452,neutral
t2453,neutral
t2454,neutral
t2455,neutral
t2456,neutral
t2457,neutral
t2458,neutral
t2459,neutral
t2460,neutral
t2461,neutral
t2462,neutral
t2463,neutral
t2464,neutral
t2465,neutral
t2466,neutral
t2467,neutral
t2468,positive
t2469,neutral
t2470,neutral
t2471,positive
t2472,negative
t2473,neutral
t2474,neutral
t2475,neutral
t2476,neutral
t2477,neutral
t2478,neutral
t2479,neutral
t2480,neutral
t2481,neutral
t2482,neutral
t2483,neutral
t2484,neutral
t2485,neutral
t2486,neutral
t2487,neutral
t2488,neutral
t2489,neutral
t2490,neutral
t2491,neutral
t2492,neutral
t2493,neutral
t2494,neutral
t2495,neutral
t2496,neutral
t2497,neutral
t2498,neutral
t2499,neutral
t2500,neutral
t2501,neutral
t2502,neutral
t2503,neutral
t2504,neutral
t2505,neutral
t2506,neutral
t2507,neutral
t2508,neutral
t2509,neutral
t2510,neutral
t2511,neutral
t2512,neutral
t2513,neutral
t2514,neutral
t2515,neutral
t2516,neutral
t2517,neutral
t2518,neutral
t2519,neutral
t2520,neutral
t2521,neutral
t2522,neutral
t2523,neutral
t2524,neutral
t2525,neutral
t2526,neutral
t2527,neutral
t2528,neutral
t2529,neutral
t2530,neutral
t2531,neutral
t2532,neutral
t2533,neutral
t2534,neutral
t2535,neutral
t2536,neutral
t2537,neutral
t2538,neutral
t2539,neutral
t2540,positive
t2541,neutral
t2542,neutral
t2543,neutral
t2544,neutral
t2545,neutral
t2546,neutral
t2547,neutral
t2548,neutral
t2549,neutral
t2550,neutral
t2551,neutral
t2552,neutral
t2553,neutral
t2554,neutral
t2555,neutral
t2556,neutral
t2557,neutral
t2558,neutral
t2559,neutral
t2560,neutral
t2561,neutral
t2562,neutral
t2563,neutral
t2564,neutral
t2565,neutral
t2566,neutral
t2567,neutral
t2568,neutral
t2569,neutral
t2570,neutral
t2571,neutral
t2572,neutral
t2573,neutral
t2574,neutral
t2575,neutral
t2576,neutral
t2577,neutral
t2578,neutral
t2579,neutral
t2580,neutral
t2581,neutral
t2582,neutral
t2583,neutral
t2584,neutral
t2585,neutral
t2586,neutral
t2587,neutral
t2588,neutral
t2589,neutral
t2590,neutral
t2591,neutral
t2592,neutral
t2593,neutral
t2594,neutral
t2595,neutral
t2596,neutral
t2597,neutral
t2598,neutral
t2599,neutral
t2600,neutral
t2601,neutral
t2602,neutral
t2603,neutral
t2604,neutral
t2605,neutral
t2606,neutral
t2607,neutral
t2608,neutral
t2609,neutral
t2610,neutral
t2611,neutral
t2612,neutral
t2613,negative
t2614,positive
t2615,neutral
t2616,positive
t2617,neutral
t2618,neutral
t2619,neutral
t2620,neutral
t2621,neutral
t2622,neutral
t2623,neutral
t2624,neutral
t2625,neutral
t2626,neutral
t2627,neutral
t2628,neutral
t2629,neutral
t2630,neutral
t2631,neutral
t2632,neutral
t2633,neutral
t2634,neutral
t2635,neutral
t2636,positive
t2637,neutral
t2638,positive
t2639,neutral
t2640,neutral
t2641,neutral
t2642,neutral
t2643,neutral
t2644,neutral
t2645,neutral
t2646,neutral
t2647,neutral
t2648,neutral
t2649,neutral
t2650,neutral
t2651,neutral
t2652,neutral
t2653,neutral
t2654,neutral
t2655,positive
t2656,neutral
t2657,neutral
t2658,neutral
t2659,neutral
t2660,neutral
t2661,neutral
t2662,neutral
t2663,neutral
t2664,neutral
t2665,neutral
t2666,neutral
t2667,neutral
t2668,neutral
t2669,neutral
t2670,neutral
t2671,neutral
t2672,neutral
t2673,neutral
t2674,neutral
t2675,neutral
t2676,neutral
t2677,neutral
t2678,neutral
t2679,neutral
t2680,neutral
t2681,neutral
t2682,neutral
t2683,neutral
t2684,neutral
t2685,neutral
t2686,neutral
t2687,neutral
t2688,neutral
t2689,neutral
t2690,neutral
t2691,neutral
t2692,neutral
t2693,neutral
t2694,neutral
t2695,neutral
t2696,neutral
t2697,neutral
t2698,neutral
t2699,neutral
t2700,neutral
t2701,neutral
t2702,neutral
t2703,neutral
t2704,neutral
t2705,neutral
t2706,neutral
t2707,neutral
t2708,neutral
t2709,neutral
t2710,neutral
t2711,neutral
t2712,neutral
t2713,neutral
t2714,neutral
t2715,neutral
t2716,neutral
t2717,neutral
t2718,neutral
t2719,neutral
t2720,neutral
t2721,neutral
t2722,neutral
t2723,neutral
t2724,neutral
t2725,neutral
t2726,neutral
t2727,neutral
t2728,neutral
t2729,neutral
t2730,neutral
t2731,neutral
t2732,neutral
t2733,positive
t2734,neutral
t2735,neutral
t2736,neutral
t2737,neutral
t2738,neutral
t2739,neutral
t2740,neutral
t2741,neutral
t2742,neutral
t2743,neutral
t2744,neutral
t2745,neutral
t2746,neutral
t2747,neutral
t2748,neutral
t2749,neutral
t2750,neutral
t2751,neutral
t2752,neutral
t2753,neutral
t2754,neutral
t2755,neutral
t2756,neutral
t2757,neutral
t2758,neutral
t2759,neutral
t2760,neutral
t2761,neutral
t2762,neutral
t2763,neutral
t2764,positive
t2765,neutral
t2766,neutral
t2767,neutral
t2768,neutral
t2769,positive
t2770,neutral
t2771,neutral
t2772,neutral
t2773,neutral
t2774,positive
t2775,positive
t2776,neutral
t2778,positive
t2777,negative
t2779,positive
t2780,neutral
t2781,neutral
t2782,positive
t2783,neutral
t2784,neutral
t2785,positive
t2786,neutral
t2787,neutral
t2788,neutral
t2789,neutral
t2790,neutral
t2791,neutral
t2792,neutral
t2793,neutral
t2794,neutral
t2795,neutral
t2796,neutral
t2797,neutral
t2798,neutral
t2799,neutral
t2800,neutral
t2801,neutral
t2802,neutral
t2803,negative
t2804,neutral
t2805,neutral
t2806,neutral
t2807,neutral
t2808,neutral
t2809,neutral
t2810,neutral
t2811,neutral
t2812,neutral
t2813,neutral
t2814,neutral
t2815,neutral
t2816,neutral
t2817,neutral
t2818,neutral
t2819,neutral
t2820,neutral
t2821,neutral
t2822,neutral
t2823,neutral
t2824,neutral
t2825,neutral
t2826,neutral
t2827,neutral
t2828,neutral
t2829,neutral
t2830,neutral
t2831,neutral
t2832,neutral
t2833,neutral
t2834,neutral
t2835,neutral
t2836,neutral
t2837,neutral
t2838,neutral
t2839,neutral
t2840,neutral
t2841,neutral
t2842,neutral
t2843,neutral
t2844,neutral
t2845,neutral
t2846,neutral
t2847,neutral
t2848,neutral
t2849,neutral
t2850,neutral
t2851,neutral
t2852,neutral
t2853,neutral
t2854,neutral
t2855,neutral
t2856,neutral
t2857,neutral
t2858,neutral
t2859,neutral
t2860,neutral
t2861,neutral
t2862,neutral
t2863,neutral
t2864,neutral
t2865,neutral
t2866,neutral
t2867,neutral
t2868,neutral
t2869,positive
t2870,neutral
t2871,neutral
t2872,neutral
t2873,neutral
t2874,positive
t2875,neutral
t2876,neutral
t2877,neutral
t2878,neutral
t2879,neutral
t2880,neutral
t2881,neutral
t2882,neutral
t2883,neutral
t2884,neutral
t2885,neutral
t2886,neutral
t2887,neutral
t2888,neutral
t2889,neutral
t2890,neutral
t2891,neutral
t2892,neutral
t2893,neutral
t2894,neutral
t2895,neutral
t2896,neutral
t2897,neutral
t2898,neutral
t2899,neutral
t2900,neutral
t2901,neutral
t2902,neutral
t2903,neutral
t2904,neutral
t2905,neutral
t2906,neutral
t2907,neutral
t2908,neutral
t2909,neutral
t2910,neutral
t2911,neutral
t2912,neutral
t2913,neutral
t2914,neutral
t2915,neutral
t2916,neutral
t2917,neutral
t2918,neutral
t2919,neutral
t2920,neutral
t2921,neutral
t2922,neutral
t2923,neutral
t2924,neutral
t2925,neutral
t2926,neutral
t2927,neutral
t2928,neutral
t2929,neutral
t2930,neutral
t2931,neutral
t2932,neutral
t2933,neutral
t2934,neutral
t2935,neutral
t2936,neutral
t2937,neutral
t2938,neutral
t2939,neutral
t2940,neutral
t2941,neutral
t2942,neutral
t2943,neutral
t2944,neutral
t2945,neutral
t2946,neutral
t2947,positive
t2948,neutral
t2949,negative
t2950,neutral
t2951,neutral
t2952,neutral
t2953,neutral
t2954,neutral
t2955,neutral
t2956,neutral
t2957,neutral
t2958,neutral
t2959,neutral
t2960,neutral
t2961,neutral
t2962,neutral
t2963,positive
t2964,positive
t2965,neutral
t2966,neutral
t2967,neutral
t2968,neutral
t2969,neutral
t2970,neutral
t2971,neutral
t2972,neutral
t2973,neutral
t2974,neutral
t2975,neutral
t2976,neutral
t2977,neutral
t2978,neutral
t2979,neutral
t2980,neutral
t2981,neutral
t2982,neutral
t2983,negative
t2984,neutral
t2985,neutral
t2986,neutral
t2987,neutral
t2988,neutral
t2989,neutral
t2990,neutral
t2991,neutral
t2992,neutral
t2993,neutral
t2994,neutral
t2995,neutral
t2996,neutral
t2997,neutral
t2998,neutral
t2999,neutral
t3000,neutral
t3001,neutral
t3002,neutral
t3003,neutral
t3004,neutral
t3005,neutral
t3006,neutral
t3007,neutral
t3008,neutral
t3009,neutral
t3010,neutral
t3011,neutral
t3012,neutral
t3013,neutral
t3014,neutral
t3015,neutral
t3016,neutral
t3017,neutral
t3018,neutral
t3019,neutral
t3020,neutral
t3021,neutral
t3022,neutral
t3023,neutral
t3024,neutral
t3025,neutral
t3026,neutral
t3027,neutral
t3028,neutral
t3029,neutral
t3030,negative
t3031,neutral
t3032,neutral
t3033,neutral
t3034,neutral
t3035,neutral
t3036,positive
t3037,neutral
t3038,neutral
t3039,neutral
t3040,neutral
t3041,neutral
t3042,neutral
t3043,neutral
t3044,neutral
t3045,neutral
t3046,neutral
t3047,neutral
t3048,neutral
t3049,neutral
t3050,neutral
t3051,neutral
t3052,neutral
t3053,neutral
t3054,neutral
t3055,neutral
t3056,neutral
t3057,neutral
t3058,neutral
t3059,neutral
t3060,positive
t3061,neutral
t3062,neutral
t3063,neutral
t3064,neutral
t3065,neutral
t3066,neutral
t3067,neutral
t3068,neutral
t3069,neutral
t3070,neutral
t3071,neutral
t3072,neutral
t3073,neutral
t3074,neutral
t3075,neutral
t3076,neutral
t3077,neutral
t3078,neutral
t3079,positive
t3080,neutral
t3081,neutral
t3082,neutral
t3083,neutral
t3084,neutral
t3085,neutral
t3086,neutral
t3087,neutral
t3088,neutral
t3089,neutral
t3090,neutral
t3091,neutral
t3092,neutral
t3093,neutral
t3094,neutral
t3095,neutral
t3096,neutral
t3097,neutral
t3098,neutral
t3099,neutral
t3100,neutral
t3101,neutral
t3102,neutral
t3103,neutral
t3104,neutral
t3105,neutral
t3106,neutral
t3107,neutral
t3108,neutral
t3109,neutral
t3110,neutral
t3111,neutral
t3112,neutral
t3113,neutral
t3114,neutral
t3115,neutral
t3116,neutral
t3117,neutral
t3118,neutral
t3119,neutral
t3120,neutral
t3121,neutral
t3122,neutral
t3123,negative
t3124,neutral
t3125,neutral
t3126,neutral
t3127,neutral
t3128,neutral
t3129,neutral
t3130,neutral
t3131,neutral
t3132,neutral
t3133,neutral
t3134,neutral
t3135,neutral
t3136,positive
t3137,neutral
t3138,neutral
t3139,neutral
t3140,positive
t3141,neutral
t3142,neutral
t3143,neutral
t3144,neutral
t3145,neutral
t3146,neutral
t3147,neutral
t3148,neutral
t3149,neutral
t3150,neutral
t3151,neutral
t3152,neutral
t3153,neutral
t3154,neutral
t3155,neutral
t3156,neutral
t3157,neutral
t3158,neutral
t3159,neutral
t3160,neutral
t3161,neutral
t3162,neutral
t3163,neutral
t3164,neutral
t3165,neutral
t3166,neutral
t3167,neutral
t3168,neutral
t3169,neutral
t3170,neutral
t3171,neutral
t3172,neutral
t3173,neutral
t3174,neutral
t3175,neutral
t3176,neutral
t3177,neutral
t3178,neutral
t3179,neutral
t3180,neutral
t3181,neutral
t3182,neutral
t3183,neutral
t3184,neutral
t3185,neutral
t3186,neutral
t3187,neutral
t3188,neutral
t3189,neutral
t3190,neutral
t3191,neutral
t3192,neutral
t3193,neutral
t3194,neutral
t3195,neutral
t3196,neutral
t3197,neutral
t3198,neutral
t3199,neutral
t3200,neutral
t3201,neutral
t3202,neutral
t3203,neutral
t3204,neutral
t3205,neutral
t3206,neutral
t3207,neutral
t3208,neutral
t3209,neutral
t3210,neutral
t3211,neutral
t3212,negative
t3213,neutral
t3214,neutral
t3215,neutral
t3216,neutral
t3217,positive
t3218,neutral
t3219,neutral
t3220,neutral
t3221,neutral
t3222,neutral
t3223,neutral
t3224,neutral
t3225,neutral
t3226,neutral
t3227,neutral
t3228,neutral
t3229,neutral
t3230,neutral
t3231,neutral
t3232,neutral
t3233,neutral
t3234,neutral
t3235,neutral
t3236,neutral
t3237,neutral
t3238,neutral
t3239,neutral
t3240,neutral
t3241,neutral
t3242,neutral
t3243,neutral
t3244,neutral
t3245,neutral
t3246,neutral
t3247,neutral
t3248,neutral
t3249,neutral
t3250,neutral
t3251,neutral
t3252,neutral
t3253,neutral
t3254,neutral
t3255,neutral
t3256,neutral
t3257,neutral
t3258,negative
t3259,neutral
t3260,neutral
t3261,neutral
t3262,neutral
t3263,neutral
t3264,neutral
t3265,neutral
t3266,neutral
t3267,neutral
t3268,neutral
